{"cameraMode":{"drawMode":0,"name":"Shaded","section":"Shading Mode"},"sceneLighting":false,"audioPlay":false,"sceneViewState":{"m_AlwaysRefresh":false,"showFog":true,"showSkybox":false,"showFlares":true,"showImageEffects":true,"showParticleSystems":true,"showVisualEffectGraphs":true,"m_FxEnabled":true},"in2DMode":false,"pivot":{"x":5.7091498374938969,"y":2.5411500930786135,"z":-15.061500549316407},"rotation":{"x":0.27460500597953799,"y":-0.05799106881022453,"z":-0.016585087403655053,"w":-0.9596952199935913},"size":1.6203725337982178,"orthographic":false}